Species;hg;class;stare lasy;L;T;C;M;SR;N;wh_freq;wh_sev;herb_freq;herb_sev;canopy_height;leaf_dmc;leaf_mass;leaf_size;SLA;growth_form;seed_mass;seed_number_per_shoot;reprod_B;strategy
Acer campestre;ap;que fag;0;5;6;4;5;7;6;-1.912;0.246;-0.845;0.087;13.42142857;360.5;184.2079463;4741.5;14.66666667;Phanerophyte;54.34828235;1548.5;ssv (mostly by seed, rarely vegetatively);c
Acer ginnala;kn;0;0;NA;NA;NA;NA;NA;NA;NA;NA;NA;NA;NA;NA;NA;NA;NA;Phanerophyte;NA;NA;s (by seed/by spore);c
Acer negundo;kn;0;0;5;6;6;6;7;7;-1.525;0.336;-0.917;0.27;11.5;NA;NA;NA;25.1;Phanerophyte;41.211;NA;sv (by seed and vegetatively);c
Acer platanoides;ap;que fag;0;4;6;4;NA;NA;NA;-1.963;0.231;-0.745;0.057;26.25;274;NA;5193.766667;19.65537759;Phanerophyte;100.828;1;s (by seed/by spore);c
Acer pseudoplatanus;ap;que fag;0;4;NA;4;6;NA;7;-1.969;0.229;-0.735;0.052;27.33333333;262.5;NA;8365.175;16.75613251;Phanerophyte;69.2004;3407;s (by seed/by spore);c
Achillea millefolium;ap;mol arr;0;8;NA;NA;4;NA;5;-0.612;0.451;-0.247;0.47;0.3955;185.5;21.76333333;411;19.30187424;Hemicryptophyte;0.131833333;4969.69375;sv (by seed and vegetatively);c
Achillea nobilis;ap;art vul;0;8;7;7;4;8;1;NA;NA;NA;NA;0.4;NA;NA;NA;NA;Hemicryptophyte;0.063333333;NA;sv (by seed and vegetatively);cs
Adoxa moschatellina;sp;que fag;1;5;NA;5;6;7;8;-1.938;0.261;-0.705;0.1;0.07;136.6666667;49.84635706;1903.666667;38.45;Geophyte;0.629;276.7;vvs (mostly vegetatively, rarely by seed);csr
Aegopodium podagraria;ap;art vul;1;5;5;3;6;7;8;-1.519;0.394;-0.57;0.347;0.558333333;230;753.5581651;13500.242;28.83537879;Geophyte;1.680933333;2131.954054;vvs (mostly vegetatively, rarely by seed);c
Aesculus hippocastanum;kn;0;0;NA;NA;NA;NA;NA;NA;NA;NA;NA;NA;20;251.5;NA;6528.7;13.7;Phanerophyte;7708.65;NA;s (by seed/by spore);c
Agrimonia eupatoria;ap;tri ger;0;7;6;4;4;8;4;-0.622;0.251;-0.404;0.274;0.333333333;339.5;494.5374473;8461;18.8175;Hemicryptophyte;14.178;43.2;s (by seed/by spore);c
Agrostis capillaris;ap;cal uli;0;7;NA;3;NA;4;4;-0.999;0.351;-0.37;0.361;0.25;259.6675;10.18646216;335.6666667;35.03646589;Hemicryptophyte;0.0641;24993.99167;sv (by seed and vegetatively);csr
Alliaria petiolata;ap;art vul;0;5;6;3;5;7;9;-1.73;0.344;-0.779;0.247;0.45;161.3333333;213.9370109;7514;40.83285714;Hemicryptophyte;2.348;9887.305556;s (by seed/by spore);cr
Allium oleraceum;ap;fes bro;0;7;6;4;3;7;4;-1.058;0.286;-0.708;0.287;0.225;150;145.6422472;1224;11.8;Geophyte;11.36966667;22.2;vvs (mostly vegetatively, rarely by seed);csr
Allium schoenoprasum;kn;0;0;7;NA;7;NA;7;2;-0.71;0.191;-0.71;0.239;0.32;170.58;93.455;556;8.753333333;Geophyte;0.9109;2259.727273;sv (by seed and vegetatively);csr
Allium scorodoprasum;kn;0;0;6;6;5;7;7;7;-1.135;0.39;-0.546;0.384;0.55;207.7;146.09;670.5;4.75;Geophyte;43.1704;40.5;vvs (mostly vegetatively, rarely by seed);csr
Alnus glutinosa;ap;aln;0;5;5;3;9;6;NA;-1.852;0.261;-0.825;0.116;14.33333333;248;NA;3462.95;14.86498708;Phanerophyte;2.3111;NA;ssv (mostly by seed, rarely vegetatively);c
Amelanchier spicata;kn;0;0;NA;NA;NA;NA;NA;NA;NA;NA;NA;NA;4.5;NA;NA;NA;19.60784314;Phanerophyte;NA;NA;ssv (mostly by seed, rarely vegetatively);c
Angelica sylvestris;ap;mol arr;0;7;NA;4;8;NA;4;-1.011;0.291;-0.406;0.299;0.783333333;220;1531.2;40902;26.93231906;Hemicryptophyte;2.421444444;11950.092;s (by seed/by spore);c
Anthericum ramosum;sp;que fag;0;7;5;4;3;7;3;-1.627;0.213;-0.559;0.156;0.2875;161.45;76.94;1733.5;23.49;Hemicryptophyte;4.244;64.3;sv (by seed and vegetatively);csr
Anthoxanthum odoratum;ap;0;0;NA;NA;NA;NA;5;NA;-0.711;0.262;-0.387;0.288;0.165;258.75;2.31;NA;29.91111689;Hemicryptophyte;0.62875;8793.390668;sv (by seed and vegetatively);csr
Anthriscus sylvestris;ap;art vul;0;7;NA;5;5;NA;8;-1.02;0.445;-0.64;0.44;0.733333333;207;891.0798085;22864;31.19209586;Hemicryptophyte;4.304266667;4131.984524;ssv (mostly by seed, rarely vegetatively);c
Arctium minus;ap;art vul;0;9;5;3;5;NA;8;-0.8;0.571;-0.712;0.565;0.7;177.3333333;4104.936905;117000;24.06666667;Hemicryptophyte;12.03975238;8118;s (by seed/by spore);c
Arctium tomentosum;ap;art vul;0;8;5;7;5;8;9;-0.576;0.655;-0.313;0.661;0.825;NA;NA;NA;50;Hemicryptophyte;13.5575;16258.33334;s (by seed/by spore);c
Armeria maritima ssp. elongata;ap;koe cor;0;8;6;2;6;5;4;-0.088;0.249;-0.088;0.293;0.15;173.88;7.68;NA;NA;Hemicryptophyte;1.099363636;2209.714286;ssv (mostly by seed, rarely vegetatively);csr
Arrhenatherum elatius;ap;mol arr;0;8;5;3;NA;7;7;-0.616;0.388;-0.42;0.404;1.275;291.3166667;30.65406338;1223;28.28983018;Hemicryptophyte;3.079493333;8390.222223;ssv (mostly by seed, rarely vegetatively);c
Artemisia absinthium;arch;art vul;0;9;6;7;4;7;8;-0.751;0.543;-0.533;0.548;0.825;220.5;99.43251888;2475.5;NA;Hemicryptophyte;0.106057778;5356;sv (by seed and vegetatively);cs
Artemisia vulgaris;ap;art vul;0;7;6;NA;6;NA;8;-0.394;0.683;-0.33;0.691;1.4;258;255.2913636;3914.426333;24.12235294;Hemicryptophyte;0.144933333;290509.6;s (by seed/by spore);c
Asarum europaeum;sp;que fag;1;3;6;5;5;7;6;-1.949;0.244;-0.716;0.077;0.075;142.805;106.62;2994.75;27.515;Geophyte;3.442222222;8466.666667;sv (by seed and vegetatively);cs
Asparagus officinalis;ap;fes bro;0;6;6;7;3;NA;4;-1.132;0.292;-0.738;0.285;0.9;280.26;3.595;27.335;10.73;Geophyte;40.86336667;6.520833333;sv (by seed and vegetatively);cs
Astragalus glycyphyllos;ap;tri ger;0;6;6;4;4;7;3;-1.728;0.295;-0.637;0.205;0.575;272.5;115.5815321;2720.5;25.656;Hemicryptophyte;5.150033333;13777.15;s (by seed/by spore);c
Athyrium filix-femina;sp;que fag;1;3;NA;3;7;NA;6;-1.882;0.282;-0.721;0.144;0.65;292;5603.077432;67730;12.1;Hemicryptophyte;NA;1870723.5;sv (by seed and vegetatively);cs
Atrichum undulatum;sp;que fag;0;6;NA;5;6;4;NA;NA;NA;NA;NA;0.07;NA;NA;NA;NA;moss;NA;NA;NA;NA
Aulacomnium androgynum;sp;que rob-pet;0;4;4;5;5;2;NA;NA;NA;NA;NA;0.025;NA;NA;NA;NA;moss;NA;NA;NA;NA
Ballota nigra;arch;art vul;0;8;6;5;5;NA;8;-0.752;0.612;-0.711;0.606;0.625;222;38.35214076;717;21.25;Hemicryptophyte;0.85785;10179.1;s (by seed/by spore);c
Berteroa incana;ap;art vul;0;9;6;7;3;6;4;-0.449;0.553;-0.355;0.567;0.325;245.24;6.515;141.25;18.03;Hemicryptophyte;0.649866667;19722.45455;s (by seed/by spore);csr
Betula pendula;ap;0;0;7;NA;NA;NA;NA;NA;-1.879;0.274;-0.814;0.131;27;273;NA;1181.1;17.85990048;Phanerophyte;0.188353846;15674.2;s (by seed/by spore);c
Betula pubescens;sp;vac pic;0;7;NA;NA;8;3;3;-1.92;0.192;-1.28;0.051;25;NA;NA;NA;14.392;Phanerophyte;0.219966667;2512612.75;s (by seed/by spore);cs
Bidens frondosa;kn;bid;0;7;6;NA;8;7;8;-0.78;0.365;-0.571;0.393;0.525;174.6;110.41;4176;31.44395231;Therophyte;8.660971429;11455.52381;s (by seed/by spore);cr
Bidens tripartita;ap;bid;0;8;6;NA;9;NA;8;-0.493;0.43;-0.443;0.453;0.525;152.16;74.71105565;2417.083333;32.45535023;Therophyte;2.43494;29670.83334;s (by seed/by spore);cr
Bilderdykia convolvulus;arch;ste med;0;7;6;NA;5;NA;6;-0.739;0.882;-0.244;0.874;0.6875;200;44.26278724;602.6666667;23.875;Liana;4.038;5648.333333;s (by seed/by spore);cr
Bilderdykia dumetorum;ap;art vul;0;6;6;4;5;NA;7;-1.44;0.4;-0.914;0.35;1.875;214.7033333;85.6;1530.476667;34.58333333;Liana;3.3956;2769.55;s (by seed/by spore);cr
Brachypodium sylvaticum;sp;que fag;1;3;5;3;5;6;6;-1.864;0.29;-0.752;0.155;0.825;308.47;20.42622089;3886.545455;44.35;Hemicryptophyte;2.785254545;1653.928571;sv (by seed and vegetatively);cs
Brachythecium albicans;ap;koe cor;0;9;3;5;2;NA;NA;NA;NA;NA;NA;0.08;NA;NA;NA;NA;moss;NA;NA;NA;NA
Brachythecium salebrosum;sp;0;0;6;4;5;4;6;NA;NA;NA;NA;NA;0.07;NA;NA;NA;NA;moss;NA;NA;NA;NA
Brachythecium velutinum;sp;0;0;5;3;5;4;6;NA;NA;NA;NA;NA;0.05;NA;NA;NA;NA;moss;NA;NA;NA;NA
Bromus hordaceus ssp. hordaceus;ap;mol arr;0;7;6;3;NA;NA;3;0.014;0.589;0.02;0.607;NA;290.56;10.27175308;314.6666667;27.254;Therophyte;0.425;2.278440714;s (by seed/by spore);cr
Calamagrostis arundinacea;sp;que rob-pet;0;6;5;4;5;4;5;-1.902;0.272;-0.742;0.128;0.75;372.25;115.34;2457;22.78;Hemicryptophyte;0.494666667;4602.298485;sv (by seed and vegetatively);c
Calamagrostis epigeios;ap;epi;0;7;5;7;NA;NA;6;-1.228;0.428;-0.629;0.413;1;400.0333333;258.1944295;4994.5;NA;Hemicryptophyte;0.079733333;173453.0857;sv (by seed and vegetatively);c
Calluna vulgaris;sp;cal uli;0;8;NA;3;NA;1;1;-1.678;0.213;-1.248;0.185;0.826;287;NA;0.975;11.778;Chamaephyte;0.029111111;102770.15;ssv (mostly by seed, rarely vegetatively);cs
Calystegia sepium;ap;art vul;0;8;6;5;6;7;9;-0.722;0.385;-0.576;0.41;1.2875;184;90.88484689;3208;37.052;Liana;30.272;430.6875;sv (by seed and vegetatively);c
Campanula rotundifolia;ap;0;0;7;5;NA;NA;NA;2;-1.289;0.258;-0.542;0.254;0.19;257.05;3.902777172;72.975;24.52222222;Hemicryptophyte;0.064435714;195325.5136;s (by seed/by spore);csr
Campanula trachelium;sp;que fag;1;4;NA;3;6;8;8;-1.902;0.283;-0.739;0.135;0.6;159;92.24660086;3601;39;Hemicryptophyte;0.231155556;57190.65;sv (by seed and vegetatively);cs
Carex acutiformis;sp;phr;0;7;NA;3;9;7;5;-1.073;0.219;-0.669;0.235;0.75;333.43;430.7;7035;16;Geophyte;0.864166667;424;sv (by seed and vegetatively);cs
Carex cariophyllea;sp;fes bro;0;8;NA;3;4;NA;2;-0.87;0.241;-0.234;0.265;0.09;310;16.59364616;387.5;20.675;Hemicryptophyte;1.2992;54.6875;sv (by seed and vegetatively);csr
Carex hirta;ap;mol arr;0;7;6;3;6;NA;5;-0.435;0.33;-0.262;0.356;0.45;291.2125;74.8266342;1718.5625;18.2282603;Geophyte;2.8165;19315.875;sv (by seed and vegetatively);c
Carex muricata;ap;0;0;7;5;3;4;6;4;-1.718;0.305;-0.737;0.212;0.275;249.6333333;16.29;324.3333333;17.0666;Hemicryptophyte;2.38878;27900;ssv (mostly by seed, rarely vegetatively);cs
Carex pallescens;sp;cal uli;0;7;4;3;6;4;3;-1.115;0.292;-0.327;0.295;0.325;264.57;14.635;526.5;30.12;Hemicryptophyte;1.252583333;2957.33913;sv (by seed and vegetatively);csr
Carex pilosa;sp;que fag;1;4;6;5;5;5;5;-1.988;0.228;-0.7;0.044;0.45;299.55;175.99;4366.72;25.41;Hemicryptophyte;3.32;34;sv (by seed and vegetatively);cs
Carex pilulifera;sp;que rob-pet;0;5;NA;2;5;3;3;-1.593;0.293;-0.581;0.243;0.1;328;10.26045949;209;19.425;Hemicryptophyte;1.226612903;34.44642857;sv (by seed and vegetatively);csr
Carex spicata;ap;0;0;7;5;3;4;6;4;-1.718;0.305;-0.737;0.212;0.275;249.6333333;16.29;324.3333333;21.76;Hemicryptophyte;2.38878;27900;ssv (mostly by seed, rarely vegetatively);cs
Carex sylvatica;sp;que fag;1;2;5;3;5;6;5;-1.905;0.268;-0.668;0.124;0.425;324;29.75434925;677;30.9;Hemicryptophyte;1.663953846;736;sv (by seed and vegetatively);csr
Carpinus betulus;sp;que fag;0;4;6;4;NA;NA;NA;-1.969;0.228;-0.739;0.05;17.875;258.685;62.93;2268.52;23.67140917;Phanerophyte;41.81531429;64161.27273;ssv (mostly by seed, rarely vegetatively);c
Carum carvi;ap;mol arr;0;8;4;5;5;NA;6;-0.055;0.383;-0.055;0.408;0.45;178.51;50.53;1254.93;25.5825;Hemicryptophyte;1.924266667;19004.69167;s (by seed/by spore);c
Centaurium erythraea ssp. erythraea;ap;0;0;8;6;5;5;6;6;-0.744;0.285;-0.2;0.303;0.14125;259.8333333;11.91133597;251.5;21.80333333;Hemicryptophyte;0.012769231;1754100.714;s (by seed/by spore);sr
Cerastium arvense;ap;koe cor;0;8;NA;5;4;6;4;-0.602;0.315;-0.322;0.343;0.111666667;194.46;1.19;NA;21.694;Chamaephyte;0.1776;187153.7778;sv (by seed and vegetatively);cr
Ceratodon purpuraeus;sp;koe cor;0;8;NA;NA;2;NA;NA;NA;NA;NA;NA;0.035;NA;NA;NA;NA;moss;NA;NA;NA;NA
Chaerophyllum temulentum;ap;art vul;0;5;6;3;5;NA;8;-1.674;0.335;-0.941;0.242;0.491666667;249;783.1828877;20341;NA;Hemicryptophyte;2.737578947;4405.494048;s (by seed/by spore);cr
Chelidonium majus;ap;art vul;0;6;6;NA;5;NA;8;-1.395;0.44;-0.925;0.398;0.466666667;186.5;240.1478322;9226;43.32;Hemicryptophyte;0.74;34913.40741;s (by seed/by spore);cr
Chenopodium album;ap;ste med;0;NA;NA;NA;4;NA;7;-0.054;0.898;0.018;0.9;0.483333333;164.3333333;148.5492584;2390;22.21413226;Therophyte;0.647;105090.0909;s (by seed/by spore);cr
Chenopodium bonus-henricus;arch;art vul;0;8;NA;2;5;NA;9;-0.466;0.572;-0.466;0.578;0.36875;183.23;184.1966667;5275;28.03;Therophyte;1.8182;4588.466667;s (by seed/by spore);cr
Chenopodium polyspermum;ap;ste med;0;6;6;4;6;NA;8;-0.013;0.898;0.095;0.902;0.6875;167.535;36.84;1211.0675;35.23745185;Therophyte;0.265;55284.13334;s (by seed/by spore);cr
Cichorium intybus;arch;art vul;0;9;6;5;4;8;5;-0.169;0.599;-0.169;0.613;0.625;136;556.1217391;17537;26.42990447;Hemicryptophyte;1.778173333;13148.15625;s (by seed/by spore);c
Circaea lutetiana;sp;que fag;1;4;5;3;6;7;7;-1.908;0.276;-0.686;0.129;0.308333333;193.5;69.4483;2643;36.7;Geophyte;1.79549;202;sv (by seed and vegetatively);cs
Cirsium arvense;ap;art vul;0;8;5;NA;NA;NA;7;-0.298;0.712;-0.217;0.723;0.8625;141.6566667;190.5354895;3857.5;15.71243967;Geophyte;1.245544444;13516.22222;sv (by seed and vegetatively);c
Convallaria majalis;sp;0;1;5;NA;3;4;NA;4;-1.964;0.24;-0.73;0.067;0.15;221.5;225.5838192;6124.5;28.96700855;Geophyte;133.758175;300.465;sv (by seed and vegetatively);cs
Convolvulus arvensis;arch;art vul;0;7;6;NA;4;7;NA;-0.156;0.748;-0.14;0.758;0.2626;172.5;40.72906275;1124.75;28.30315442;Liana;12.4924;936.2333333;vvs (mostly vegetatively, rarely by seed);cr
Conyza canadensis;kn;ste med;0;8;6;NA;4;NA;5;-0.154;0.794;-0.109;0.8;0.525;176;24.73945915;660;22.40542762;Therophyte;0.045625;174774.9545;s (by seed/by spore);cr
Cornus sanguinea;sp;rha pru;0;7;5;4;5;7;NA;-1.862;0.245;-0.874;0.102;2.375;255;NA;1009.233333;17.37792023;Phanerophyte;79.5914;970.3333333;sv (by seed and vegetatively);c
Corydalis solida;sp;que fag;1;3;6;5;5;7;7;-1.973;0.241;-0.718;0.063;0.1125;148.19;42.46;1864.259;43.65;Geophyte;1.74251;38.77666667;sv (by seed and vegetatively);csr
Corylus avellana;ap;que fag;0;6;5;3;NA;NA;5;-1.93;0.229;-0.819;0.064;2.833333333;283.75;NA;3249.14;20.53669262;Phanerophyte;805.65;1250;ssv (mostly by seed, rarely vegetatively);c
Cotoneaster lucidus;kn;0;0;NA;NA;NA;NA;NA;NA;NA;NA;NA;NA;NA;NA;NA;NA;NA;Phanerophyte;NA;NA;sv (by seed and vegetatively);c
Crataegus laevigata;sp;rha pru;0;6;6;4;5;7;5;-1.893;0.245;-0.88;0.09;6;349.89;37.4375;730;19.62;Phanerophyte;275.9989;64;s (by seed/by spore);c
Crataegus monogyna;ap;rha pru;0;7;5;3;4;8;4;-1.787;0.238;-0.959;0.114;4.885;336.1428571;NA;491.14;11.25396694;Phanerophyte;167.573325;1.5;s (by seed/by spore);c
Crataegus rhipidophyla;sp;rha pru;0;NA;NA;NA;NA;NA;NA;-1.787;0.238;-0.959;0.114;10;NA;NA;NA;NA;Phanerophyte;372.75;NA;s (by seed/by spore);c
Cruciata glabra;sp;fes bro;0;7;6;4;5;7;5;NA;NA;NA;NA;0.2;NA;NA;NA;NA;Hemicryptophyte;1.43;243185.3333;sv (by seed and vegetatively);csr
Cystopteris fragilis;ap;aspl;0;5;NA;3;7;8;4;-1.753;0.166;-1.168;0.105;0.3;248;91.9;1970;21.4;Hemicryptophyte;NA;NA;s (by seed/by spore);cs
Dactylis glomerata;ap;mol arr;0;7;NA;3;5;NA;6;-0.931;0.389;-0.384;0.396;0.454;262.5;49.90229255;1449;24.52594632;Hemicryptophyte;0.9114225;69458.7;ssv (mostly by seed, rarely vegetatively);c
Dactylis glomerata ssp. aschersoniana;sp;que fag;1;5;6;4;5;6;5;-1.929;0.258;-0.761;0.097;NA;NA;NA;NA;NA;Hemicryptophyte;NA;NA;s (by seed/by spore);cs
Danthonia decumbens;sp;cal uli;0;8;NA;2;NA;3;2;-1.045;0.243;-0.462;0.264;0.1;338.635;14.61016854;378;17.0125;Hemicryptophyte;1.4583;3175.2;sv (by seed and vegetatively);cs
Daucus carota;ap;art vul;0;8;6;5;4;NA;4;-0.149;0.57;-0.118;0.588;0.393;232.045;12.84;NA;19.56374252;Hemicryptophyte;1.162881452;32745.22222;s (by seed/by spore);cr
Deschampsia cespitosa;ap;mol arr;0;6;NA;NA;7;NA;3;-1.296;0.285;-0.506;0.274;0.4325;337.294;32.4951702;342.3339583;14.84337456;Hemicryptophyte;0.211112281;25240.64333;s (by seed/by spore);c
Deschampsia flexuosa;sp;vac pic;0;6;NA;2;NA;2;3;-1.782;0.276;-0.83;0.182;0.075;329.55;2.9155;40.575;17.61581818;Hemicryptophyte;0.311700901;2484.791429;sv (by seed and vegetatively);cs
Dianthus deltoides;ap;koe cor;0;8;5;4;3;3;2;-0.248;0.296;-0.248;0.332;0.22;262;1.496052632;24;16.05;Hemicryptophyte;0.202672727;32219.14761;s (by seed/by spore);csr
Dicranella heteromalla;sp;que rob-pet;0;5;4;5;4;2;NA;NA;NA;NA;NA;0.03;NA;NA;NA;NA;moss;NA;NA;NA;NA
Dicranum polysetum;sp;vac pic;0;6;3;6;4;5;NA;NA;NA;NA;NA;0.13;NA;NA;NA;NA;moss;NA;NA;NA;NA
Dicranum scoparium;sp;cal uli;0;5;NA;5;4;4;NA;NA;NA;NA;NA;0.09;NA;NA;NA;NA;moss;NA;NA;NA;NA
Dryopteris carthusiana;ap;0;1;5;NA;3;NA;4;3;-1.903;0.265;-0.836;0.112;0.375;275.39;403.6875122;18468;24.835;Hemicryptophyte;NA;NA;sv (by seed and vegetatively);cs
Dryopteris dilatata;ap;vac pic;1;4;NA;3;6;NA;7;-1.91;0.279;-0.766;0.128;0.6;277;1949.97279;46655;20.96666667;Hemicryptophyte;NA;NA;sv (by seed and vegetatively);cs
Dryopteris filix-mas;ap;que fag;1;3;NA;3;5;5;6;-1.931;0.257;-0.778;0.1;0.75;295;3953.16974;95617;24.2;Hemicryptophyte;NA;5214192;sv (by seed and vegetatively);cs
Elymus repens;ap;art vul;0;7;6;7;NA;NA;7;-0.396;0.7;-0.315;0.708;0.75;273.0475;85.63702268;2361.666667;23.78223478;Geophyte;2.37525;1536.06;vvs (mostly vegetatively, rarely by seed);c
Epilobium adenocaulon;kn;ste med;0;7;6;NA;5;7;8;-0.868;0.459;-0.573;0.47;0.75;160.6925;28.23658847;917.9375;NA;Hemicryptophyte;0.074090909;352916.9697;sv (by seed and vegetatively);c
Epipactis atrorubens;sp;que fag;1;6;NA;3;3;8;2;-1.536;0.205;-0.831;0.157;0.225;221.095;67.20666667;1302.5;26.415;Geophyte;0.01;NA;sv (by seed and vegetatively);csr
Epipactis helleborine;ap;que fag;1;3;5;3;5;7;5;-1.946;0.232;-0.751;0.065;NA;204.1733333;95.035;2582.833333;28.81;Geophyte;0.004;1385502.76;sv (by seed and vegetatively);csr
Equisetum arvense;ap;art vul;0;6;NA;NA;NA;NA;3;-0.938;0.511;-0.348;0.518;0.325;237.805;178.645;167;10.7269967;Geophyte;NA;NA;sv (by seed and vegetatively);cr
Erigeron acer;ap;fes bro;0;9;5;7;4;8;2;-0.152;0.372;-0.139;0.403;0.325;194.6666667;18.82810837;368.3333333;18.96428572;Hemicryptophyte;0.11052;1157;s (by seed/by spore);r
Erysimum cheiranthoides;ap;ste med;0;7;5;NA;5;7;7;0.2;0.918;0.206;0.922;0.308333333;217.6466667;48.81298868;1216.666667;22.26449855;Therophyte;0.912384615;6751.088235;s (by seed/by spore);cr
Euonymus europaeus;sp;rha pru;0;6;5;3;5;8;5;-1.804;0.264;-0.963;0.132;3.416666667;243.5;NA;1181.5;14.63556863;Phanerophyte;52.1392;3.416666667;s (by seed/by spore);c
Euphorbia cyparissias;ap;fes bro;0;8;NA;4;3;NA;3;-1.177;0.255;-0.476;0.259;0.175;NA;NA;NA;25.66;Hemicryptophyte;1.9624;17345.26667;sv (by seed and vegetatively);csr
Eurhynchium angustirete;sp;0;0;5;4;7;4;7;NA;NA;NA;NA;NA;NA;NA;NA;NA;NA;moss;NA;NA;NA;NA
Eurhynchium hians;sp;0;0;7;4;5;5;7;NA;NA;NA;NA;NA;0.11;NA;NA;NA;NA;moss;NA;NA;NA;NA
Fagus sylvatica;kn;que fag;0;3;5;2;5;NA;NA;-1.986;0.226;-0.71;0.042;32.1875;309.25;NA;2027.675;17.38931466;Phanerophyte;177.0824;4444.909091;s (by seed/by spore);c
Festuca gigantea;sp;que fag;1;4;5;3;7;6;6;-1.773;0.327;-0.664;0.224;0.975;216;123.0660057;3341;28.73333333;Hemicryptophyte;2.8575;2972.095238;s (by seed/by spore);cs
Festuca ovina;ap;koe cor;0;7;NA;3;NA;3;1;-1.631;0.269;-0.63;0.214;0.1525;324.33;2.545583893;25.897;14.8875;Hemicryptophyte;0.435720879;6175.082258;s (by seed/by spore);csr
Festuca pratensis;ap;mol arr;0;8;NA;3;6;NA;6;-0.198;0.336;-0.131;0.361;0.55;265.255;24.92950873;527.5;25.01666667;Hemicryptophyte;1.94775;125630.75;s (by seed/by spore);c
Festuca rubra;ap;mol arr;0;NA;NA;5;6;6;NA;-0.547;0.299;-0.324;0.325;0.483333333;267;24.58139481;382;20.03014286;Hemicryptophyte;0.910514286;30068.25;sv (by seed and vegetatively);c
Fissidens taxifolius;sp;0;0;5;4;5;6;7;NA;NA;NA;NA;NA;0.02;NA;NA;NA;NA;moss;NA;NA;NA;NA
Fragaria vesca;ap;tri ger;0;7;NA;5;5;NA;6;-1.795;0.284;-0.699;0.175;0.108333333;388;132.861162;2393.5;23.33030769;Hemicryptophyte;19.87672667;6643.451515;sv (by seed and vegetatively);csr
Frangula alnus;sp;rha pru;0;6;6;5;8;4;NA;-1.893;0.234;-0.868;0.077;3.857142857;256;78.8;964.55;19.68483525;Phanerophyte;125.9291429;226.5;s (by seed/by spore);c
Fraxinus excelsior;ap;que fag;0;4;5;3;NA;7;7;-1.917;0.246;-0.797;0.087;26.14285714;256.5;NA;1426.54;13.56451573;Phanerophyte;58.4213475;25002;s (by seed/by spore);c
Fraxinus pensylvanica;kn;0;0;NA;NA;NA;NA;NA;NA;NA;NA;NA;NA;20;NA;NA;NA;NA;Phanerophyte;35.7;NA;ssv (mostly by seed, rarely vegetatively);c
Galeopsis pubescens;ap;art vul;0;7;5;4;5;NA;6;-1.697;0.451;-0.734;0.362;0.35;170.87;8.34;NA;65.36;Therophyte;4.409;70277.77777;s (by seed/by spore);cr
Galeopsis tetrahit;ap;art vul;0;7;NA;3;5;NA;6;-1.316;0.632;-0.561;0.602;0.35;176;82.27985687;2390;31.50333333;Therophyte;4.347911111;4090.333333;s (by seed/by spore);cr
Galium aparine;ap;art vul;0;7;6;3;NA;6;8;-1.252;0.616;-0.619;0.592;0.708333333;140;5.695810579;161.3333333;34.67857143;Liana;9.445486667;2310.794872;s (by seed/by spore);cr
Galium boreale;sp;mol arr;0;6;6;7;6;8;2;-1.102;0.274;-0.353;0.278;0.316666667;209.97;2.395;49.005;19.36809594;Hemicryptophyte;0.709;103.7;sv (by seed and vegetatively);csr
Galium mollugo;ap;mol arr;0;7;6;3;4;7;NA;-0.914;0.341;-0.372;0.352;0.5;169.4566667;2.369590205;80.5;27.22450549;Hemicryptophyte;0.732290909;44524.91667;s (by seed/by spore);c
Galium palustre;sp;phr;0;6;5;3;9;NA;4;-0.923;0.223;-0.605;0.248;0.435;181.26;0.740870733;32.5;34.3;Hemicryptophyte;0.9095;299.575;sv (by seed and vegetatively);cs
Galium verum;ap;0;0;7;6;NA;4;7;3;-0.739;0.261;-0.322;0.285;0.383333333;228.1325;0.803690617;15.66666667;21.37469129;Hemicryptophyte;0.505970833;6201.7125;sv (by seed and vegetatively);cs
Geranium robertianum;ap;art vul;0;5;NA;3;NA;NA;7;-1.804;0.307;-0.803;0.194;0.216666667;185.6666667;41.1824692;1224;32.40857143;Hemicryptophyte;1.453258333;2362.735714;s (by seed/by spore);csr
Geum rivale;sp;mol arr;0;6;NA;5;8;NA;4;-1.168;0.29;-0.403;0.288;0.316666667;237;288.0873672;6428;20.61973113;Hemicryptophyte;1.024766667;1368.257143;sv (by seed and vegetatively);csr
Geum urbanum;ap;art vul;1;4;5;5;5;NA;7;-1.677;0.366;-0.81;0.278;0.366666667;302;151.9693888;3441;37.71285714;Hemicryptophyte;2.047383333;3018.149123;ssv (mostly by seed, rarely vegetatively);csr
Glechoma hederacea;ap;art vul;0;6;6;3;6;NA;7;-1.372;0.431;-0.503;0.404;0.27;160;20.95670149;882;34.9313547;Hemicryptophyte;0.6684;38618.16667;sv (by seed and vegetatively);csr
Hedera helix;ap;que fag;1;4;5;2;5;NA;NA;-1.956;0.242;-0.72;0.072;12.35;253.7777778;NA;1736.533333;11.77272727;Liana;73.695175;2674.5;sv (by seed and vegetatively);cs
Helichrysum arenarium;ap;koe cor;0;8;6;7;2;5;1;-0.513;0.243;-0.176;0.283;0.2;225.86;20.45;404.5;19.11;Hemicryptophyte;0.052;1383.136364;sv (by seed and vegetatively);csr
Hepatica nobilis;sp;que fag;1;4;6;4;4;7;5;-1.971;0.23;-0.737;0.052;0.095;186.405;108.175;2887.75;28.505;Hemicryptophyte;2.31525;1237.842424;sv (by seed and vegetatively);csr
Heracleum sphondyliu ssp. sphondylium;ap;art vul;0;7;5;2;5;NA;8;-1.2;0.387;-0.451;0.378;1.23125;220;3950.459857;81950.66667;22.17196641;Hemicryptophyte;5.91216;20887.17857;ssv (mostly by seed, rarely vegetatively);c
Hieracium laevigatum;sp;que rob-pet;0;7;5;3;5;2;2;-1.632;0.282;-0.606;0.225;NA;NA;NA;NA;20.98;Hemicryptophyte;0.415;4253.958333;sv (by seed and vegetatively);cs
Hieracium murorum;sp;0;1;4;NA;3;5;5;4;-1.955;0.239;-0.723;0.071;0.135;124.175;102.0575;4069.375;40.3;Hemicryptophyte;0.4;59586.66667;sv (by seed and vegetatively);csr
Hieracium pilosella;ap;cal uli;0;7;NA;3;4;NA;2;-1.071;0.255;-0.329;0.272;0.06;188;4.222522523;86;18.49428571;Hemicryptophyte;0.244666667;2996.396429;sv (by seed and vegetatively);csr
Holcus lanatus;ap;mol arr;0;7;6;3;6;NA;5;-0.424;0.3;-0.268;0.326;0.325;230.1775;21.80360852;970.8333333;34.24550705;Hemicryptophyte;0.406916667;157198.44;sv (by seed and vegetatively);c
Holcus mollis;ap;que rob-pet;0;5;5;2;5;2;3;-0.889;0.498;-0.339;0.509;0.275;216;30.11501273;1053.5;40.29666667;Hemicryptophyte;0.3484;42833.96666;vvs (mostly vegetatively, rarely by seed);csr
Humulus lupulus;ap;art vul;0;7;6;3;8;6;8;-1.416;0.348;-0.821;0.308;5.5;292.5;436.3885606;7711;23.96666667;Liana;4.112583333;40.84;sv (by seed and vegetatively);c
Hylocomium splendens;sp;vac pic;0;6;3;6;4;5;NA;NA;NA;NA;NA;0.175;NA;NA;NA;NA;moss;NA;NA;NA;NA
Hypericum perforatum;ap;tri ger;0;7;6;5;4;6;4;-1.245;0.345;-0.505;0.338;0.358333333;303;8.724819986;147.3333333;26.42552505;Hemicryptophyte;0.118575;99171.42857;sv (by seed and vegetatively);c
Hypnum cupressiforme;sp;que rob-pet;0;5;NA;5;4;4;NA;NA;NA;NA;NA;0.06;NA;NA;NA;NA;moss;NA;NA;NA;NA
Hypochoeris radicata;ap;koe cor;0;8;5;3;5;4;3;-0.389;0.334;-0.161;0.368;0.065;116;109.0112367;2610.333333;22.21666667;Hemicryptophyte;0.632267143;4333.633333;ssv (mostly by seed, rarely vegetatively);csr
Impatiens parviflora;kn;art vul;0;4;6;5;5;NA;6;-1.7;0.347;-0.831;0.256;0.458333333;77.355;33.025;4675;144.775;Therophyte;6.892666667;2030.316667;s (by seed/by spore);sr
Juglans regia;kn;0;0;6;8;2;6;7;7;NA;NA;NA;NA;15;240;NA;3909.7;14.6;Phanerophyte;4753;NA;s (by seed/by spore);c
Juncus articulatus;ap;sch car;0;8;NA;3;9;NA;2;-0.517;0.262;-0.495;0.297;0.325;202.9525;52.28921447;485.4375;19.47043452;Hemicryptophyte;0.020611111;1212964.75;sv (by seed and vegetatively);csr
Juncus conglomeratus;ap;mol arr;0;8;5;3;7;4;3;-0.571;0.279;-0.353;0.306;0.72;284.18;490.1;2393;4.92;Hemicryptophyte;0.018123077;970042.7866;sv (by seed and vegetatively);c
Juncus effusus;ap;mol arr;0;8;5;3;7;3;4;-0.908;0.284;-0.531;0.304;0.9;267.85;575;3514.5;10.864;Hemicryptophyte;0.018607407;3512468.75;sv (by seed and vegetatively);c
Juniperus communis;sp;vac pic;0;8;NA;NA;4;NA;NA;-1.64;0.241;-0.82;0.18;6.02;510.01;NA;NA;7.087725716;Phanerophyte;8.76775;18751;s (by seed/by spore);c
Lamiastrum galeobdolon;sp;que fag;1;3;5;4;5;7;5;-1.941;0.256;-0.709;0.094;0.3875;270;68.18693031;1564;25.35;Chamaephyte;2.386657143;3156.357143;sv (by seed and vegetatively);cs
Lamium album;arch;art vul;0;7;NA;3;5;NA;9;-0.648;0.544;-0.561;0.551;0.316666667;170;42.65258479;1970.514;35.94;Hemicryptophyte;1.3449;2577.535714;sv (by seed and vegetatively);csr
Lamium purpureum;arch;art vul;0;7;5;3;5;7;7;-0.179;0.955;0.194;0.954;0.225;139.8;11.31880137;537.498;38.45;Hemicryptophyte;0.7016;3967.047619;s (by seed/by spore);r
Lapsana communis;ap;art vul;0;5;6;3;5;NA;7;-1.222;0.776;-0.361;0.751;0.5;127;98.97922854;4966;48.7325;Hemicryptophyte;1.0212;19552.47727;s (by seed/by spore);cr
Larix decidua;kn;0;0;8;NA;6;4;NA;3;-1.946;0.281;-0.719;0.114;35;279.75;NA;20.125;10.19247985;Phanerophyte;6.24;94400;s (by seed/by spore);c
Lathyrus pratensis;ap;mol arr;0;7;5;NA;6;7;6;-0.387;0.317;-0.224;0.343;0.566666667;273.6666667;6.958663343;158.3333333;25.32424035;Hemicryptophyte;12.51950556;541.55;ssv (mostly by seed, rarely vegetatively);c
Leucanthemum vulgare;ap;mol arr;0;7;NA;3;4;NA;3;-0.39;0.32;-0.193;0.347;0.364;129.6666667;27.12145302;669.6666667;19.28125189;Hemicryptophyte;0.383433333;2420.86875;sv (by seed and vegetatively);c
Ligustrum vulgare;kn;rha pru;0;7;6;3;4;8;3;-1.865;0.224;-0.912;0.077;3.7;273;NA;626.9;11.065;Phanerophyte;35.438425;21.84375;s (by seed/by spore);c
Lolium perenne;ap;mol arr;0;8;6;3;5;7;7;-0.004;0.673;-0.002;0.685;0.125;214.3975;14.52985953;402;25.74377707;Hemicryptophyte;1.975111111;62970.75;s (by seed/by spore);c
Lonicera periclymenum;sp;que rob-pet;0;6;5;2;NA;3;4;NA;NA;NA;NA;4.5;227;NA;803.9;14.2;Liana;6.054681633;NA;s (by seed/by spore);c
Lonicera xylosteum;sp;que fag;0;5;6;4;5;7;6;-1.949;0.226;-0.81;0.056;1.748666667;NA;NA;0;24.10941397;Phanerophyte;164.07;11000;s (by seed/by spore);c
Lophocolea bidentata;sp;que rob-pet;0;7;3;5;6;5;NA;NA;NA;NA;NA;0.06;NA;NA;NA;NA;moss;NA;NA;NA;NA
Lupinus polyphyllus;kn;0;0;7;5;4;5;4;NA;NA;NA;NA;NA;1.091666667;179.8125;990.1875;19200.25;22.83759248;Hemicryptophyte;24.34755556;944.4940475;s (by seed/by spore);c
Luzula multiflora;sp;0;0;7;NA;4;5;5;3;NA;NA;NA;NA;0.183333333;214;24.19486726;549;24.81721467;Hemicryptophyte;0.4007125;14490.90476;sv (by seed and vegetatively);cs
Luzula pilosa;sp;0;1;2;NA;3;5;5;4;-1.919;0.275;-0.716;0.123;0.15;228;26.46637744;664;25.1;Hemicryptophyte;0.9704;2336.106897;sv (by seed and vegetatively);csr
Lycopus europaeus;ap;aln;0;7;6;5;9;7;7;-0.971;0.249;-0.661;0.272;0.566666667;103.92;29.4;1814.75;63.18;Hemicryptophyte;0.233163636;9385.805556;sv (by seed and vegetatively);cs
Lysimachia nummularia;sp;mol arr;0;4;6;4;6;NA;NA;-1.238;0.292;-0.48;0.288;0.45;227.65;10.07904268;284.3333333;30.50359897;Chamaephyte;0.5;8156.666667;vvs (mostly vegetatively, rarely by seed);csr
Lysimachia vulgaris;sp;mol arr;0;6;NA;NA;8;NA;NA;-1.097;0.226;-0.635;0.239;0.896;242.6233333;95.08408684;2539.25;26.36571429;Hemicryptophyte;0.3224;21172.9;sv (by seed and vegetatively);cs
Mahonia aquifolium;kn;0;0;NA;NA;NA;NA;NA;NA;NA;NA;NA;NA;1.166666667;432;1314.839972;10868;8.975;Chamaephyte;9.1485;6;sv (by seed and vegetatively);c
Maianthemum bifolium;sp;0;1;3;NA;6;5;3;3;-1.961;0.248;-0.701;0.077;0.125;240.685;1594.375;1574.25;33.14051282;Geophyte;46.8332;616.3688889;sv (by seed and vegetatively);s
Malus domestica;kn;0;0;NA;NA;NA;NA;NA;NA;NA;NA;NA;NA;10;NA;NA;NA;25.83979328;Chamaephyte;NA;NA;ssv (mostly by seed, rarely vegetatively);c
Malus sylvestris;sp;0;0;7;6;3;5;7;5;NA;NA;NA;NA;6;248.8;200.2542463;2910.14;18.75130719;Phanerophyte;23.634;2500;ssv (mostly by seed, rarely vegetatively);c
Marchantia polymorpha;sp;0;0;8;NA;5;6;5;NA;NA;NA;NA;NA;0.1;NA;NA;NA;NA;moss;NA;NA;NA;NA
Medicago sativa ssp. sativa;kn;0;0;8;6;6;4;7;NA;-0.083;0.649;-0.083;0.664;NA;218.6666667;29.18779232;1288;25.8;Hemicryptophyte;2.731333333;91144.66667;sv (by seed and vegetatively);cs
Melampyrum pratense;sp;tri ger;1;NA;NA;3;NA;3;2;-1.929;0.218;-1.099;0.084;0.24;205;7.49044586;240;26.28806585;Therophyte;5.66542;704.4261905;s (by seed/by spore);cr
Melica nutans;sp;que fag;1;4;NA;3;4;NA;3;-1.957;0.249;-0.74;0.078;0.225;340;12.91303491;402;28.725;Hemicryptophyte;2.492059259;2490.771429;sv (by seed and vegetatively);cs
Melica uniflora;sp;que fag;1;3;5;2;5;6;6;-1.98;0.235;-0.701;0.055;0.325;NA;NA;NA;39.6;Hemicryptophyte;2.899963636;NA;sv (by seed and vegetatively);c
Melilotus alba;ap;art vul;0;9;6;6;3;7;4;-0.241;0.616;-0.229;0.626;0.633333333;159.25;23.33;598;NA;Hemicryptophyte;2.8295;70978.15;s (by seed/by spore);cr
Milium effusum;sp;que fag;1;4;NA;3;5;5;5;-1.941;0.253;-0.709;0.091;0.625;251;48.94143984;1621.5;33.35;Hemicryptophyte;1.137;6875.943333;sv (by seed and vegetatively);cs
Mnium hornum;sp;que rob-pet;0;5;3;4;6;3;NA;NA;NA;NA;NA;0.07;NA;NA;NA;NA;moss;NA;NA;NA;NA
Moehringia trinervia;sp;art vul;1;4;5;3;5;6;7;-1.872;0.295;-0.803;0.154;0.175;179.3333333;2.397892544;81.33333333;36.1;Hemicryptophyte;0.21;1376.528571;s (by seed/by spore);csr
Molinia caerulea;sp;mol arr;0;7;NA;3;7;NA;2;-1.443;0.197;-0.959;0.188;0.7875;369.7166667;56.85673155;1286.625;19.665;Hemicryptophyte;0.714553846;34999.33334;ssv (mostly by seed, rarely vegetatively);cs
Mycelis muralis;sp;art vul;1;4;6;2;5;NA;6;-1.941;0.271;-0.724;0.109;0.5;NA;NA;NA;47.59238638;Hemicryptophyte;0.31632;7208.058334;s (by seed/by spore);csr
Myosoton aquaticum;ap;art vul;0;7;5;3;8;7;8;-1.001;0.474;-0.505;0.479;0.333333333;106.28;19.74666667;1048;63.94;Hemicryptophyte;0.20395;692356.75;sv (by seed and vegetatively);cs
Omalotheca sylvatica;ap;epi;0;8;NA;3;5;4;6;-1.235;0.387;-0.473;0.381;0.325;NA;NA;NA;23.91;Hemicryptophyte;0.0502;173887.1667;sv (by seed and vegetatively);csr
Orthilia secunda;sp;vac pic;1;4;NA;3;5;NA;2;-2;0.192;-0.699;0;0.0975;340.23;16.98;348;16.88701623;Chamaephyte;NA;2036.5;sv (by seed and vegetatively);s
Oxalis acetosella;sp;0;1;1;NA;3;5;4;6;-1.914;0.275;-0.712;0.125;0.0925;129.785;7.689057145;806;64.63;Hemicryptophyte;0.961;765.5377778;sv (by seed and vegetatively);csr
Parthenocissus inserta;kn;0;0;NA;NA;NA;NA;NA;NA;NA;NA;NA;NA;10;220.24;708.54;13662.25;19.79;Liana;20.42;NA;s (by seed/by spore);c
Pastinaca sativa;ap;art vul;0;NA;NA;NA;NA;NA;NA;-0.223;0.532;-0.221;0.55;0.6;152;382.9752886;14914.5;32.93333333;Hemicryptophyte;3.903142857;71375;s (by seed/by spore);c
Petrorhagia prolifera;ap;fes bro;0;8;7;3;3;5;2;-0.019;0.315;-0.019;0.356;0.3875;231.15;3.345;58.25;17.63;Therophyte;0.350611429;1151.722222;s (by seed/by spore);sr
Peucedanum oreoselinum;ap;tri ger;0;6;6;4;3;6;2;-1.113;0.257;-0.318;0.264;0.5;259.32;283.915;4028.125;15.99;Hemicryptophyte;3.646;518;s (by seed/by spore);cs
Philadelphus species;kn;0;0;NA;NA;NA;NA;NA;NA;NA;NA;NA;NA;4;NA;NA;NA;NA;Phanerophyte;NA;NA;s (by seed/by spore);c
Phleum pratense;ap;mol arr;0;7;NA;5;5;NA;7;-0.2;0.462;-0.185;0.484;0.371;276.1428571;9.907277134;380;25.02374373;Hemicryptophyte;0.58775;4230.984615;ssv (mostly by seed, rarely vegetatively);c
Phragmites australis;sp;phr;0;7;5;NA;10;7;7;-0.816;0.204;-0.66;0.242;2.5;403.1;348.3943855;6925.875;16.26;Geophyte;0.134285714;15467.7;vvs (mostly vegetatively, rarely by seed);cs
Picris hieracioides;ap;art vul;0;8;NA;5;4;8;4;-0.285;0.464;-0.176;0.484;0.6375;182.652;77.42508472;2327.55;24.74666667;Hemicryptophyte;1.108;2341.9375;s (by seed/by spore);csr
Pimpinella saxifraga;ap;fes bro;0;7;NA;5;3;NA;2;-0.862;0.272;-0.308;0.293;0.413333333;285.5;189.6;2609.5;16.06285714;Hemicryptophyte;1.149225;13910.25;s (by seed/by spore);cs
Pinus sylvestris;sp;vac pic;0;7;NA;7;NA;NA;NA;-1.945;0.221;-0.93;0.062;34.5;299.1142857;10.81;65.94285714;5.350330896;Phanerophyte;7.572;11196.5;s (by seed/by spore);c
Plagiomnium affine;sp;0;0;5;4;5;5;5;NA;NA;NA;NA;NA;0.1;NA;NA;NA;NA;moss;NA;NA;NA;NA
Plagiomnium undulatum;sp;que fag;0;4;3;5;6;6;NA;NA;NA;NA;NA;0.15;NA;NA;NA;NA;moss;NA;NA;NA;NA
Plagiothecium cavifolium;sp;0;0;4;2;6;5;6;NA;NA;NA;NA;NA;0.05;NA;NA;NA;NA;moss;NA;NA;NA;NA
Plantago lanceolata;ap;mol arr;0;6;NA;3;NA;NA;NA;-0.157;0.421;-0.137;0.448;0.16125;166.90125;82.78745633;2567;18.55590909;Hemicryptophyte;1.616750877;10029.88611;ssv (mostly by seed, rarely vegetatively);csr
Plantago major;ap;mol arr;0;8;NA;NA;5;NA;6;-0.246;0.693;-0.039;0.704;0.37;107;1016.91327;30968;22.69866667;Hemicryptophyte;0.267838095;78230.20513;ssv (mostly by seed, rarely vegetatively);csr
Plantago major ssp. intermedia;ap;0;0;7;6;NA;7;5;4;-0.285;0.286;-0.162;0.319;NA;NA;NA;NA;NA;Hemicryptophyte;NA;NA;s (by seed/by spore);r
Pleurozium schreberi;sp;vac pic;0;6;3;5;4;2;NA;NA;NA;NA;NA;0.12;NA;NA;NA;NA;moss;NA;NA;NA;NA
Poa angustifolia;ap;fes bro;0;7;6;NA;NA;NA;3;NA;NA;NA;NA;0.36;424.5;57.41567697;429.5;15.55;Hemicryptophyte;0.209347887;165.9117647;sv (by seed and vegetatively);cs
Poa annua;ap;pol poe;0;7;NA;5;6;NA;8;-0.213;0.77;0.013;0.777;0.085;241.25;3.210767613;138.3333333;36.17405008;Therophyte;0.223701579;10234.41667;ssv (mostly by seed, rarely vegetatively);r
Poa compressa;ap;fes bro;0;9;NA;4;3;9;3;-0.59;0.509;-0.513;0.525;0.375;282.3333333;7.362884197;170;19.42;Hemicryptophyte;0.204577778;19450.3;sv (by seed and vegetatively);csr
Poa nemoralis;ap;que fag;1;5;NA;5;5;5;4;-1.871;0.282;-0.827;0.143;0.5;319;8.838643694;536.5;49.9;Hemicryptophyte;0.181745455;9484.508335;sv (by seed and vegetatively);csr
Poa pratensis;ap;mol arr;0;6;NA;NA;5;NA;6;-0.756;0.39;-0.337;0.405;0.3;308.59;35.79994805;1025;21.03958122;Hemicryptophyte;0.272595238;68147;sv (by seed and vegetatively);c
Pohlia nutans;sp;cal uli;0;5;NA;5;4;2;NA;NA;NA;NA;NA;0.068;NA;NA;NA;NA;moss;NA;NA;NA;NA
Polygonatum multiflorum;sp;que fag;1;2;NA;5;5;6;5;-1.981;0.224;-0.723;0.041;0.445;148.21;48.355;2038.25;43.84;Geophyte;94.42268571;47.16666667;sv (by seed and vegetatively);csr
Polygonatum odoratum;sp;que fag;1;7;5;5;3;7;3;-1.855;0.224;-0.776;0.092;0.3;167.22;86.835;2270;33.11140685;Geophyte;264.3043333;981.2833333;sv (by seed and vegetatively);csr
Polygonum aviculare s.l.;ap;0;0;7;6;NA;11;6;4;0.203;0.87;0.234;0.874;1.1375;207.5;13.00841664;361.5;28.87;Therophyte;1.82;31670.04168;sv (by seed and vegetatively);r
Polygonum hydropiper;ap;bid;0;7;6;NA;8;5;8;-0.698;0.538;-0.448;0.555;0.383333333;176;36.21174315;1407.6892;41.06666667;Therophyte;2.2218;9779.066666;s (by seed/by spore);cr
Polygonum minus;ap;bid;0;7;6;3;8;5;8;-0.9;0.317;-0.623;0.334;0.175;178.9825;10.3725;380.2744;44.085;Therophyte;0.946;132.625;s (by seed/by spore);r
Polypodium vulgare;sp;0;0;5;5;3;4;2;2;-1.837;0.216;-0.994;0.11;0.3;289;525.3311663;6246;12.35;Hemicryptophyte;NA;1000404.5;sv (by seed and vegetatively);cs
Polytrichastrum formosum;sp;que rob-pet;0;7;3;5;5;2;NA;NA;NA;NA;NA;0.1;NA;NA;NA;NA;moss;NA;NA;NA;NA
Polytrichum commune;sp;sch car;0;6;2;5;7;2;NA;NA;NA;NA;NA;0.25;NA;NA;NA;NA;moss;NA;NA;NA;NA
Polytrichum piliferum;sp;koe cor;0;9;NA;5;2;2;NA;NA;NA;NA;NA;0.045;NA;NA;NA;NA;moss;NA;NA;NA;NA
Populus alba;ap;sal;0;5;7;7;7;8;6;NA;NA;NA;NA;23.25;NA;NA;NA;11.15298086;Phanerophyte;0.12;NA;ssv (mostly by seed, rarely vegetatively);c
Populus tremula;ap;0;0;6;5;5;5;NA;NA;-1.813;0.277;-0.854;0.151;19.5;369.835;165.02125;2513.3125;14.6417103;Phanerophyte;0.1;NA;sv (by seed and vegetatively);c
Populus x canadensis;kn;0;0;NA;NA;NA;NA;NA;NA;NA;NA;NA;NA;22.5;NA;NA;NA;NA;Phanerophyte;NA;NA;ssv (mostly by seed, rarely vegetatively);c
Potentilla erecta;sp;cal uli;0;6;NA;3;NA;NA;2;-0.962;0.213;-0.602;0.238;0.166666667;303.9566667;5.734158679;148.5;25.917831;Hemicryptophyte;0.4821375;3045.570175;sv (by seed and vegetatively);csr
Potentilla reptans;ap;mol arr;0;6;6;3;6;7;5;-0.425;0.45;-0.288;0.471;0.358333333;240.6475;53.72476489;2176.5;25.5124741;Hemicryptophyte;0.271025;26171.66667;sv (by seed and vegetatively);csr
Prunella vulgaris;ap;mol arr;0;7;NA;3;5;7;NA;-0.669;0.322;-0.265;0.345;0.123333333;164.37;16.10835126;675.3333333;29.84727273;Hemicryptophyte;0.688757143;5229.477778;sv (by seed and vegetatively);csr
Prunus avium;ap;que fag;0;4;5;4;5;7;5;-1.822;0.267;-0.904;0.135;12.24;NA;NA;NA;13.45;Phanerophyte;390.0449714;1;s (by seed/by spore);c
Prunus insititia;ap;0;0;NA;NA;NA;NA;NA;NA;-1.17;0.219;-0.956;0.196;3.166666667;NA;NA;NA;NA;Phanerophyte;NA;NA;ssv (mostly by seed, rarely vegetatively);c
Prunus mahaleb;kn;0;0;7;7;4;3;8;2;-1.555;0.25;-1.052;0.172;5;288.81;34.215;753.4;NA;Phanerophyte;87.7;NA;s (by seed/by spore);c
Prunus padus;sp;que fag;0;5;5;3;8;7;6;-1.921;0.263;-0.783;0.098;8;334.3175;183.1416667;3044.558;NA;Phanerophyte;137.5;4000.5;ssv (mostly by seed, rarely vegetatively);c
Prunus serotina;kn;0;0;6;6;NA;5;NA;NA;NA;NA;NA;NA;20.625;308.2533333;159.106;3396.25;NA;Phanerophyte;88.1;1;ssv (mostly by seed, rarely vegetatively);c
Prunus spinosa;ap;rha pru;0;7;5;5;4;7;NA;-1.542;0.238;-1.092;0.156;1.952;313.5;NA;472.25;14.04680023;Phanerophyte;448.2353556;1;sv (by seed and vegetatively);c
Pseudoscleropodium purum;sp;vac pic;0;6;4;5;4;5;NA;NA;NA;NA;NA;0.15;NA;NA;NA;NA;moss;NA;NA;NA;NA
Pteridium aquilinum;sp;que rob-pet;1;6;5;3;5;3;3;-1.825;0.381;-0.62;0.261;0.975;298;NA;NA;18.446;Geophyte;NA;300000000;sv (by seed and vegetatively);c
Pulmonaria obscura;sp;que fag;1;4;5;6;6;8;7;-1.957;0.243;-0.721;0.072;NA;142.505;191.665;6771.125;37.815;Hemicryptophyte;4.3;7.4;sv (by seed and vegetatively);csr
Pyrus communis;ap;0;0;6;6;5;5;8;NA;-1.816;0.219;-0.982;0.084;20;NA;NA;NA;7.407407407;Phanerophyte;25;NA;ssv (mostly by seed, rarely vegetatively);c
Quercus petraea;sp;0;0;6;6;2;5;NA;NA;-1.961;0.23;-0.744;0.056;36.14444444;281.25;NA;3500.325;12.576;Phanerophyte;974.7;13626.85;s (by seed/by spore);c
Quercus robur;ap;0;0;7;6;6;NA;NA;NA;-1.929;0.242;-0.774;0.08;40;280;NA;2073.533333;15.34191395;Phanerophyte;3487.466667;10040.9;s (by seed/by spore);c
Quercus rubra;kn;0;0;NA;NA;NA;NA;NA;NA;NA;NA;NA;NA;25;285;NA;5084.9;13.8899105;Phanerophyte;3360.1;NA;s (by seed/by spore);c
Ranunculus auricomus;sp;que fag;1;5;6;3;NA;7;NA;-1.088;0.282;-0.304;0.285;0.175;152.5;38.80333282;1276.5;31.93333333;Geophyte;2.320323077;795.5701754;NA;NA
Ranunculus lanuginosus;sp;que fag;1;3;6;4;6;7;7;-1.891;0.277;-0.659;0.139;0.425;153.62;236.14;5917.375;NA;Hemicryptophyte;1.3;NA;NA;cs
Rhamnus catharticus;sp;rha pru;0;7;5;5;4;8;4;-1.718;0.242;-1.051;0.128;4.166666667;236;NA;695.1;NA;Phanerophyte;26.09664;4500;s (by seed/by spore);c
Rhizomnium punctatum;sp;mon car;0;3;3;4;6;4;NA;NA;NA;NA;NA;0.07;NA;NA;NA;NA;moss;NA;NA;NA;NA
Ribes alpinum;kn;que fag;0;5;4;4;NA;8;7;-1.894;0.247;-0.865;0.096;1.383333333;NA;NA;0;16.38650794;Phanerophyte;161.34335;2185;s (by seed/by spore);c
Ribes rubrum;ef;0;0;4;6;7;8;6;6;-1.862;0.281;-0.943;0.128;1.3;269.035;186.465;6206.25;28.23620401;Phanerophyte;9.162;36.70833333;s (by seed/by spore);c
Ribes uva-crispa;kn;0;1;4;5;2;NA;NA;6;-1.836;0.258;-0.97;0.118;0.733333333;226.715;9.695;803.075;22.23158457;Phanerophyte;3.1306;43.73684211;sv (by seed and vegetatively);c
Robinia pseudacacia;kn;art vul;0;5;6;4;4;NA;8;-1.373;0.269;-1.252;0.187;21.25;248;NA;962.1;NA;Phanerophyte;19.805;NA;sv (by seed and vegetatively);c
Rosa canina;ap;rha pru;0;8;5;3;4;NA;NA;-1.521;0.255;-1.056;0.184;1.666666667;NA;NA;NA;12.31774011;Phanerophyte;281.044625;22.5;s (by seed/by spore);c
Rubus caesius;ap;art vul;0;6;5;4;NA;8;7;-1.376;0.446;-0.635;0.417;0.475;386.6666667;553.5809809;9655.333333;19.3;Phanerophyte;3.7628451;206;sv (by seed and vegetatively);c
Rubus idaeus;ap;epi;0;7;NA;NA;NA;NA;6;-1.757;0.344;-0.76;0.245;1.2;283.78;110.95;NA;24.28140541;Phanerophyte;95.70412222;2439.835714;sv (by seed and vegetatively);c
Rubus species;ap;rha pru;0;NA;NA;NA;NA;NA;NA;-1.783;0.346;-0.809;0.232;NA;NA;NA;NA;15.13;Phanerophyte;NA;NA;sv (by seed and vegetatively);c
Rumex acetosa;ap;mol arr;0;8;NA;NA;NA;NA;6;-0.382;0.312;-0.222;0.338;0.505;102.11;128.532105;2014.9275;29.44306409;Hemicryptophyte;0.944641667;413.6941176;sv (by seed and vegetatively);c
Rumex acetosella;ap;koe cor;0;8;5;3;3;2;2;-0.982;0.484;-0.312;0.497;0.15;113.932;9.713070759;204.6666667;24.66853631;Geophyte;0.36007;3892.333333;sv (by seed and vegetatively);csr
Rumex crispus;ap;mol arr;0;7;5;3;7;NA;6;-0.137;0.706;-0.137;0.721;0.641666667;105;239.6959134;6290;24.09688414;Hemicryptophyte;2.324242857;16830.96667;sv (by seed and vegetatively);c
Sambucus nigra;ap;rha pru;0;7;5;3;5;NA;9;-1.769;0.284;-0.998;0.159;5.875;201;NA;1068.225;20.15574275;Phanerophyte;40.9057;5;s (by seed/by spore);c
Sanguisorba minor;sp;fes bro;0;7;6;5;3;8;2;-0.522;0.238;-0.301;0.269;0.208333333;311.1022222;159.720976;3124.25;20.50183333;Hemicryptophyte;4.242316667;2595.25;ssv (mostly by seed, rarely vegetatively);csr
Sanicula europaea;sp;que fag;1;4;5;3;5;8;6;-1.978;0.231;-0.701;0.052;0.275;198;70.91322567;2414;30.95;Hemicryptophyte;2.87321;30.3;NA;csr
Scrophularia nodosa;sp;que fag;1;4;5;3;6;6;7;-1.813;0.352;-0.662;0.238;0.583333333;182;313.5979769;8166;26;Geophyte;0.0952;43427.89286;sv (by seed and vegetatively);cs
Scutellaria galericulata;sp;aln;0;7;6;5;9;7;6;-0.994;0.214;-0.697;0.235;0.241666667;211.0433333;16.10609335;640.4166667;39.55;Hemicryptophyte;0.689433333;9077.333335;sv (by seed and vegetatively);csr
Sedum acre;ap;koe cor;0;8;6;3;2;NA;1;-0.571;0.295;-0.218;0.327;0.056666667;64;NA;NA;10.9;Chamaephyte;0.0384;337587.6733;sv (by seed and vegetatively);s
Sedum telephium ssp. maximum;ap;tri ger;0;8;6;4;3;5;3;NA;NA;NA;NA;NA;63;38.14976303;936;NA;Geophyte;0.04064;39313.75;s (by seed/by spore);cs
Senecio jacobaea;ap;tri ger;0;8;5;3;4;7;5;-0.487;0.264;-0.208;0.293;0.5;124.7425;270.044708;7365;25.49571429;Hemicryptophyte;0.327055833;18143.90625;ssv (mostly by seed, rarely vegetatively);c
Senecio sylvaticus;sp;epi;0;8;6;3;5;5;8;-1.495;0.525;-0.618;0.474;0.375;114;180.9838344;5336;29.5;Therophyte;0.241066667;34390.22222;s (by seed/by spore);cr
Silene alba;ap;art vul;0;8;6;NA;4;NA;7;-0.48;0.724;-0.356;0.728;0.475;142.5;78.06488661;1762.5;NA;Hemicryptophyte;0.964555556;63999.86666;ssv (mostly by seed, rarely vegetatively);c
Silene nutans;sp;tri ger;0;7;NA;5;3;7;3;-1.802;0.242;-0.677;0.135;0.316666667;168;60.25777716;1277;21.92333333;Hemicryptophyte;0.322707692;34716.43333;ssv (mostly by seed, rarely vegetatively);csr
Sisymbrium loeselii;kn;ste med;0;7;6;7;4;7;5;-0.294;0.843;-0.166;0.844;0.434;194.588;131.6606082;3960.1;18.006;Therophyte;0.1036;749902.6667;s (by seed/by spore);cr
Solanum dulcamara;ap;aln;0;7;5;NA;8;NA;8;-1.154;0.251;-0.749;0.256;0.866666667;170.5616667;82.3569254;1903.258333;34.656;Liana;29.89211029;4227.733334;sv (by seed and vegetatively);c
Solidago canadensis;kn;art vul;0;8;6;5;NA;NA;6;-0.585;0.592;-0.435;0.597;1.375;221;29.17434653;929;25.86666667;Hemicryptophyte;0.0668125;8499.428571;sv (by seed and vegetatively);c
Solidago gigantea;kn;art vul;0;8;6;5;6;NA;7;-0.869;0.544;-0.426;0.544;1.375;308;83.7088697;1517;20.25;Hemicryptophyte;0.0652;899445;sv (by seed and vegetatively);c
Solidago virgaurea;sp;cal uli;1;5;NA;NA;5;NA;4;-1.772;0.236;-0.718;0.144;0.5;227;94.48678888;2302.5;21.68530882;Hemicryptophyte;0.6059;7528.712121;sv (by seed and vegetatively);c
Sonchus arvensis;ap;0;0;7;5;NA;5;7;NA;0.259;0.945;0.259;0.948;0.875;138.6666667;549.5327909;12192;21.7;Hemicryptophyte;0.79525;16413.36667;sv (by seed and vegetatively);cr
Sonchus oleraceus;arch;ste med;0;7;6;NA;4;8;8;-0.098;0.883;-0.078;0.886;1.075;118.5;341.1361911;10611.5;40.52714286;Hemicryptophyte;0.325;36005.77778;s (by seed/by spore);cr
Sorbus aucuparia;ap;0;0;6;NA;NA;NA;4;NA;-1.913;0.256;-0.831;0.104;12.75;268.75;NA;637.05;14.44836705;Phanerophyte;121.4390444;8414;s (by seed/by spore);c
Sorbus intermedia;kn;0;0;6;5;2;NA;NA;NA;NA;NA;NA;NA;8.25;235.72;294.43;5382.635;15.62738095;Phanerophyte;583.716;NA;s (by seed/by spore);c
Spiraea species;kn;0;0;NA;NA;NA;NA;NA;NA;NA;NA;NA;NA;1.8;NA;NA;NA;NA;Phanerophyte;NA;NA;s (by seed/by spore);c
Stachys sylvatica;sp;que fag;1;4;NA;3;7;7;7;-1.812;0.318;-0.673;0.205;0.491666667;207;59.95234081;2139.5;42.118;Hemicryptophyte;1.4016;1685.389286;sv (by seed and vegetatively);cs
Stellaria media;ap;ste med;0;6;NA;NA;NA;7;8;-0.877;0.858;-0.264;0.848;0.166666667;84;8.746235102;488;53.68107607;Therophyte;0.3852;7782.644444;s (by seed/by spore);cr
Symphoricarpos albus;kn;0;0;NA;NA;NA;NA;NA;NA;NA;NA;NA;NA;1.5;359.005;101.585;2274.25;19.364;Phanerophyte;7.667;NA;sv (by seed and vegetatively);c
Syringa vulgaris;kn;0;0;NA;NA;NA;NA;NA;NA;NA;NA;NA;NA;6;327.285;275.31;2339.166667;13.361;Phanerophyte;5.384545455;82.36363636;sv (by seed and vegetatively);c
Tanacetum vulgare;ap;art vul;0;8;6;4;5;8;5;-0.371;0.583;-0.3;0.595;0.825;221;427.9908174;8376;20.60767032;Hemicryptophyte;0.293024;64490.5;ssv (mostly by seed, rarely vegetatively);c
Taraxacum officinale;ap;mol arr;0;7;NA;NA;5;NA;8;-0.753;0.585;-0.346;0.593;NA;NA;NA;NA;29.07;Hemicryptophyte;0.5316;NA;s (by seed/by spore);cr
Taxus baccata;ef;0;0;4;5;2;5;7;NA;-1.924;0.256;-0.791;0.095;17.5;267.1666667;NA;51.85;7.872013901;Phanerophyte;45.3264;1;s (by seed/by spore);c
Thalictrum minus;sp;fes bro;0;6;NA;7;3;8;3;-1.117;0.211;-0.595;0.217;0.475;288.486;891.22125;11934.4175;17.01666667;Hemicryptophyte;1.4936;1432.294118;sv (by seed and vegetatively);cs
Tilia cordata;ap;que fag;0;5;5;4;5;NA;5;-1.976;0.222;-0.734;0.042;21.66666667;NA;NA;0;27.17215231;Phanerophyte;50.55;3;ssv (mostly by seed, rarely vegetatively);c
Tilia platyphyllos;kn;que fag;0;4;6;2;6;NA;7;-1.974;0.227;-0.727;0.047;30;206.195;160.91;6034.25;26.75;Phanerophyte;146.54;NA;s (by seed/by spore);c
Torilis japonica;ap;art vul;0;6;6;3;5;8;8;-1.473;0.414;-0.755;0.364;0.441666667;280.6666667;138.9568619;3936.666667;28.06666667;Hemicryptophyte;1.778166667;3209.833333;s (by seed/by spore);c
Tragopogon dubius;ap;art vul;0;8;7;4;4;8;4;-0.208;0.467;-0.208;0.494;0.425;198.33;12;321.5;25.3;Hemicryptophyte;8.244;NA;s (by seed/by spore);csr
Trifolium dubium;ap;mol arr;0;6;6;3;4;6;4;-0.029;0.373;-0.027;0.401;0.225;199.5;4.165833614;135.5;26.61078793;Therophyte;0.467240217;7554.607143;s (by seed/by spore);r
Trifolium montanum;sp;fes bro;0;8;NA;4;3;8;2;-0.734;0.233;-0.166;0.26;0.275;260.045;96.57;1607.5;20.03;Hemicryptophyte;0.990214286;27.40909091;s (by seed/by spore);csr
Trifolium pratense;ap;mol arr;0;7;NA;3;5;NA;NA;-0.108;0.437;-0.107;0.463;0.283333333;223.3975;32.58394007;715.5;23.57674004;Hemicryptophyte;1.580555556;208.9583333;s (by seed/by spore);c
Trifolium repens;ap;mol arr;0;8;NA;NA;5;6;6;-0.113;0.548;-0.067;0.569;0.35;185.6875;11.75808095;682;31.33518379;Hemicryptophyte;0.590026667;16628.17143;sv (by seed and vegetatively);csr
Ulmus glabra;ap;que fag;0;4;5;3;6;7;7;-1.967;0.234;-0.746;0.057;33.33333333;254.07;114.6725;3395.233333;21.82925325;Phanerophyte;11.48855;1;s (by seed/by spore);c
Ulmus minor;ap;que fag;0;5;7;5;NA;8;NA;-1.88;0.255;-0.861;0.107;30.25;246.405;64.7225;1734.255;20.31;Phanerophyte;9;NA;ssv (mostly by seed, rarely vegetatively);c
Urtica dioica;ap;art vul;0;NA;NA;NA;6;7;9;-1.428;0.418;-0.665;0.383;0.875;212.5;101.2212909;3841.5;28.27833333;Hemicryptophyte;0.179769231;9003.975;sv (by seed and vegetatively);c
Vaccinium myrtillus;sp;vac pic;1;5;NA;5;NA;2;3;-1.837;0.256;-1.018;0.154;0.3135;331.8333333;4.044545455;72.30275862;20.81390009;Chamaephyte;40.80735556;1951.059722;vvs (mostly vegetatively, rarely by seed);cs
Vaccinium vitis-idaea;sp;vac pic;1;5;NA;5;4;2;1;-1.832;0.207;-1.247;0.13;0.134285714;333.7666667;6.934117647;59.63606061;7.691278142;Chamaephyte;23.11978333;675.2066667;vvs (mostly vegetatively, rarely by seed);cs
Verbascum thapsus;ap;art vul;0;8;NA;3;4;7;7;-0.828;0.55;-0.395;0.558;0.783333333;213.6666667;1595.280151;21628.33333;16.91821751;Hemicryptophyte;0.103033333;587457.2666;s (by seed/by spore);c
Veronica chamaedrys;ap;mol arr;0;6;NA;NA;5;NA;NA;-1.35;0.319;-0.428;0.299;0.25;270.46;15.80847992;355.5;31.55816667;Chamaephyte;0.206428571;12629.675;sv (by seed and vegetatively);csr
Veronica hederifolia;ap;ste med;0;6;6;3;5;7;7;-0.944;0.836;-0.449;0.822;0.19;91.8875;10.29783229;261.75;28.816;Therophyte;4.1612;68461.90835;s (by seed/by spore);r
Veronica officinalis;sp;cal uli;0;6;NA;3;4;3;4;-1.75;0.292;-0.593;0.202;0.12575;280;10.47519084;54;27.6626;Chamaephyte;0.122816667;12890.20313;sv (by seed and vegetatively);c
Veronica spicata;ap;fes bro;0;7;7;6;3;7;2;-0.798;0.205;-0.282;0.235;0.21;341;68.3;505;10.125;Hemicryptophyte;0.12015;127910.3334;vvs (mostly vegetatively, rarely by seed);csr
Viburnum opulus;sp;que fag;0;6;5;3;NA;7;6;-1.915;0.24;-0.843;0.072;2.916666667;250.5;NA;2086.066667;17.90877193;Phanerophyte;145.1769429;748.5;s (by seed/by spore);c
Vicia cracca;ap;mol arr;0;7;5;NA;6;NA;NA;-0.377;0.391;-0.246;0.415;0.883333333;223.055;29.26000096;971.5;25.57613995;Liana;16.08323636;1693.683333;ssv (mostly by seed, rarely vegetatively);c
Vicia sativa ssp. nigra;arch;ste med;0;5;6;3;NA;NA;NA;0.101;0.891;0.215;0.896;NA;NA;NA;NA;NA;Therophyte;NA;NA;s (by seed/by spore);cr
Vicia tetrasperma;arch;ste med;0;6;6;5;5;5;5;-0.536;0.773;0.047;0.78;0.375;281;1.8;36;31.89649669;Liana;3.197666667;3365.788889;s (by seed/by spore);r
Viola arvensis;arch;ste med;0;6;5;NA;NA;NA;NA;-0.112;0.901;0;0.904;0.191666667;167.5;23.09604869;546.5;24.32;Therophyte;0.468;13153.41111;s (by seed/by spore);r
Viola canina;sp;cal uli;0;7;NA;3;4;3;2;-0.701;0.27;-0.452;0.3;0.1;245;12.71737374;238;24.36501502;Hemicryptophyte;1.08548;10508.01667;ssv (mostly by seed, rarely vegetatively);csr
Viola hirta;sp;fes bro;0;6;5;5;3;8;3;-1.368;0.237;-0.589;0.216;0.075;236.5;169.8245458;3436;18.23333333;Hemicryptophyte;3.09404;NA;sv (by seed and vegetatively);csr
Viola odorata;ap;art vul;0;5;6;3;5;NA;8;-1.602;0.354;-0.889;0.282;0.2375;220;86.57567665;1975.5;29.35;Hemicryptophyte;2.256533333;NA;sv (by seed and vegetatively);csr
Viola reichenbachiana;sp;que fag;1;4;NA;4;5;7;6;-1.964;0.248;-0.708;0.075;0.12;225.695;17.52;488;29.785;Hemicryptophyte;2.0248;3108.3;sv (by seed and vegetatively);csr
Viola riviniana;sp;que fag;1;5;NA;3;4;4;NA;-1.907;0.27;-0.732;0.119;0.135;296;28.96341463;532;24.76666667;Hemicryptophyte;1.200266667;69.21176471;sv (by seed and vegetatively);csr
